State Name,Instruction Expenditures - Salaries (E11) [State Finance] 2019-20,Instruction Expenditures - Salaries (E11) [State Finance] 2018-19,Instruction Expenditures - Salaries (E11) [State Finance] 2017-18,Instruction Expenditures - Salaries (E11) [State Finance] 2016-17,Instruction Expenditures - Salaries (E11) [State Finance] 2015-16,Instruction Expenditures - Salaries (E11) [State Finance] 2014-15,Instruction Expenditures - Salaries (E11) [State Finance] 2013-14,Instruction Expenditures - Salaries (E11) [State Finance] 2012-13,Instruction Expenditures - Salaries (E11) [State Finance] 2011-12,Instruction Expenditures - Salaries (E11) [State Finance] 2010-11,Instruction Expenditures - Salaries (E11) [State Finance] 2009-10,Instruction Expenditures - Salaries (E11) [State Finance] 2008-09,Instruction Expenditures - Salaries (E11) [State Finance] 2007-08,Instruction Expenditures - Employee Benefits (E12) [State Finance] 2019-20,Instruction Expenditures - Employee Benefits (E12) [State Finance] 2018-19,Instruction Expenditures - Employee Benefits (E12) [State Finance] 2017-18,Instruction Expenditures - Employee Benefits (E12) [State Finance] 2016-17,Instruction Expenditures - Employee Benefits (E12) [State Finance] 2015-16,Instruction Expenditures - Employee Benefits (E12) [State Finance] 2014-15,Instruction Expenditures - Employee Benefits (E12) [State Finance] 2013-14,Instruction Expenditures - Employee Benefits (E12) [State Finance] 2012-13,Instruction Expenditures - Employee Benefits (E12) [State Finance] 2011-12,Instruction Expenditures - Employee Benefits (E12) [State Finance] 2010-11,Instruction Expenditures - Employee Benefits (E12) [State Finance] 2009-10,Instruction Expenditures - Employee Benefits (E12) [State Finance] 2008-09,Instruction Expenditures - Employee Benefits (E12) [State Finance] 2007-08,Instruction Expenditures - Purchased Services (E13) [State Finance] 2019-20,Instruction Expenditures - Purchased Services (E13) [State Finance] 2018-19,Instruction Expenditures - Purchased Services (E13) [State Finance] 2017-18,Instruction Expenditures - Purchased Services (E13) [State Finance] 2016-17,Instruction Expenditures - Purchased Services (E13) [State Finance] 2015-16,Instruction Expenditures - Purchased Services (E13) [State Finance] 2014-15,Instruction Expenditures - Purchased Services (E13) [State Finance] 2013-14,Instruction Expenditures - Purchased Services (E13) [State Finance] 2012-13,Instruction Expenditures - Purchased Services (E13) [State Finance] 2011-12,Instruction Expenditures - Purchased Services (E13) [State Finance] 2010-11,Instruction Expenditures - Purchased Services (E13) [State Finance] 2009-10,Instruction Expenditures - Purchased Services (E13) [State Finance] 2008-09,Instruction Expenditures - Purchased Services (E13) [State Finance] 2007-08,Instruction Expenditures - Tuition (E14) [State Finance] 2019-20,Instruction Expenditures - Tuition (E14) [State Finance] 2018-19,Instruction Expenditures - Tuition (E14) [State Finance] 2017-18,Instruction Expenditures - Tuition (E14) [State Finance] 2016-17,Instruction Expenditures - Tuition (E14) [State Finance] 2015-16,Instruction Expenditures - Tuition (E14) [State Finance] 2014-15,Instruction Expenditures - Tuition (E14) [State Finance] 2013-14,Instruction Expenditures - Tuition (E14) [State Finance] 2012-13,Instruction Expenditures - Tuition (E14) [State Finance] 2011-12,Instruction Expenditures - Tuition (E14) [State Finance] 2010-11,Instruction Expenditures - Tuition (E14) [State Finance] 2009-10,Instruction Expenditures - Tuition (E14) [State Finance] 2008-09,Instruction Expenditures - Tuition (E14) [State Finance] 2007-08,Instruction Expenditures - Supplies (E16) [State Finance] 2019-20,Instruction Expenditures - Supplies (E16) [State Finance] 2018-19,Instruction Expenditures - Supplies (E16) [State Finance] 2017-18,Instruction Expenditures - Supplies (E16) [State Finance] 2016-17,Instruction Expenditures - Supplies (E16) [State Finance] 2015-16,Instruction Expenditures - Supplies (E16) [State Finance] 2014-15,Instruction Expenditures - Supplies (E16) [State Finance] 2013-14,Instruction Expenditures - Supplies (E16) [State Finance] 2012-13,Instruction Expenditures - Supplies (E16) [State Finance] 2011-12,Instruction Expenditures - Supplies (E16) [State Finance] 2010-11,Instruction Expenditures - Supplies (E16) [State Finance] 2009-10,Instruction Expenditures - Supplies (E16) [State Finance] 2008-09,Instruction Expenditures - Supplies (E16) [State Finance] 2007-08,Instruction Expenditures - Other (E18) [State Finance] 2019-20,Instruction Expenditures - Other (E18) [State Finance] 2018-19,Instruction Expenditures - Other (E18) [State Finance] 2017-18,Instruction Expenditures - Other (E18) [State Finance] 2016-17,Instruction Expenditures - Other (E18) [State Finance] 2015-16,Instruction Expenditures - Other (E18) [State Finance] 2014-15,Instruction Expenditures - Other (E18) [State Finance] 2013-14,Instruction Expenditures - Other (E18) [State Finance] 2012-13,Instruction Expenditures - Other (E18) [State Finance] 2011-12,Instruction Expenditures - Other (E18) [State Finance] 2010-11,Instruction Expenditures - Other (E18) [State Finance] 2009-10,Instruction Expenditures - Other (E18) [State Finance] 2008-09,Instruction Expenditures - Other (E18) [State Finance] 2007-08,Instruction Expenditures - Regular Program Salaries (E11A) [State Finance] 2019-20,Instruction Expenditures - Regular Program Salaries (E11A) [State Finance] 2018-19,Instruction Expenditures - Regular Program Salaries (E11A) [State Finance] 2017-18,Instruction Expenditures - Regular Program Salaries (E11A) [State Finance] 2016-17,Instruction Expenditures - Regular Program Salaries (E11A) [State Finance] 2015-16,Instruction Expenditures - Regular Program Salaries (E11A) [State Finance] 2014-15,Instruction Expenditures - Regular Program Salaries (E11A) [State Finance] 2013-14,Instruction Expenditures - Regular Program Salaries (E11A) [State Finance] 2012-13,Instruction Expenditures - Regular Program Salaries (E11A) [State Finance] 2011-12,Instruction Expenditures - Regular Program Salaries (E11A) [State Finance] 2010-11,Instruction Expenditures - Regular Program Salaries (E11A) [State Finance] 2009-10,Instruction Expenditures - Regular Program Salaries (E11A) [State Finance] 2008-09,Instruction Expenditures - Regular Program Salaries (E11A) [State Finance] 2007-08,Instruction Expenditures - Special Education Salaries (E11B) [State Finance] 2019-20,Instruction Expenditures - Special Education Salaries (E11B) [State Finance] 2018-19,Instruction Expenditures - Special Education Salaries (E11B) [State Finance] 2017-18,Instruction Expenditures - Special Education Salaries (E11B) [State Finance] 2016-17,Instruction Expenditures - Special Education Salaries (E11B) [State Finance] 2015-16,Instruction Expenditures - Special Education Salaries (E11B) [State Finance] 2014-15,Instruction Expenditures - Special Education Salaries (E11B) [State Finance] 2013-14,Instruction Expenditures - Special Education Salaries (E11B) [State Finance] 2012-13,Instruction Expenditures - Special Education Salaries (E11B) [State Finance] 2011-12,Instruction Expenditures - Special Education Salaries (E11B) [State Finance] 2010-11,Instruction Expenditures - Special Education Salaries (E11B) [State Finance] 2009-10,Instruction Expenditures - Special Education Salaries (E11B) [State Finance] 2008-09,Instruction Expenditures - Special Education Salaries (E11B) [State Finance] 2007-08,Instruction Expenditures - Vocational Salaries (E11C) [State Finance] 2019-20,Instruction Expenditures - Vocational Salaries (E11C) [State Finance] 2018-19,Instruction Expenditures - Vocational Salaries (E11C) [State Finance] 2017-18,Instruction Expenditures - Vocational Salaries (E11C) [State Finance] 2016-17,Instruction Expenditures - Vocational Salaries (E11C) [State Finance] 2015-16,Instruction Expenditures - Vocational Salaries (E11C) [State Finance] 2014-15,Instruction Expenditures - Vocational Salaries (E11C) [State Finance] 2013-14,Instruction Expenditures - Vocational Salaries (E11C) [State Finance] 2012-13,Instruction Expenditures - Vocational Salaries (E11C) [State Finance] 2011-12,Instruction Expenditures - Vocational Salaries (E11C) [State Finance] 2010-11,Instruction Expenditures - Vocational Salaries (E11C) [State Finance] 2009-10,Instruction Expenditures - Vocational Salaries (E11C) [State Finance] 2008-09,Instruction Expenditures - Vocational Salaries (E11C) [State Finance] 2007-08,Instruction Expenditures - Other Programs (E11D) [State Finance] 2019-20,Instruction Expenditures - Other Programs (E11D) [State Finance] 2018-19,Instruction Expenditures - Other Programs (E11D) [State Finance] 2017-18,Instruction Expenditures - Other Programs (E11D) [State Finance] 2016-17,Instruction Expenditures - Other Programs (E11D) [State Finance] 2015-16,Instruction Expenditures - Other Programs (E11D) [State Finance] 2014-15,Instruction Expenditures - Other Programs (E11D) [State Finance] 2013-14,Instruction Expenditures - Other Programs (E11D) [State Finance] 2012-13,Instruction Expenditures - Other Programs (E11D) [State Finance] 2011-12,Instruction Expenditures - Other Programs (E11D) [State Finance] 2010-11,Instruction Expenditures - Other Programs (E11D) [State Finance] 2009-10,Instruction Expenditures - Other Programs (E11D) [State Finance] 2008-09,Instruction Expenditures - Other Programs (E11D) [State Finance] 2007-08,Instruction Expenditures - Textbooks (E2) [State Finance] 2019-20,Instruction Expenditures - Textbooks (E2) [State Finance] 2018-19,Instruction Expenditures - Textbooks (E2) [State Finance] 2017-18,Instruction Expenditures - Textbooks (E2) [State Finance] 2016-17,Instruction Expenditures - Textbooks (E2) [State Finance] 2015-16,Instruction Expenditures - Textbooks (E2) [State Finance] 2014-15,Instruction Expenditures - Textbooks (E2) [State Finance] 2013-14,Instruction Expenditures - Textbooks (E2) [State Finance] 2012-13,Instruction Expenditures - Textbooks (E2) [State Finance] 2011-12,Instruction Expenditures - Textbooks (E2) [State Finance] 2010-11,Instruction Expenditures - Textbooks (E2) [State Finance] 2009-10,Instruction Expenditures - Textbooks (E2) [State Finance] 2008-09,Instruction Expenditures - Textbooks (E2) [State Finance] 2007-08
ALABAMA,2794359094,2691205833,2602756794,2582188849,2477403659,2486747005,2495972800,2454717450,2442365193,2500992746,2527833534,2538696534,2553753211,1055910116,1032377716,1007892912,996372183,965948702,964905306,929191400,879398206,872820748,983940156,998529795,995728866,1013988946,148936040,172219402,184648253,177982617,169352959,144099708,138777988,127498964,120379070,112088161,104085015,103224835,103804295,3419476,2911002,2791050,2266830,2327145,1950736,2152881,1523027,1927290,2631866,1853069,2219880,2587035,366373603,314706562,287735160,270096884,284999927,257225018,275876352,274715373,246709719,235133897,258190506,245035128,319782186,19860185,24821771,21090682,20284868,19623339,17249681,15993202,14629602,13916808,11631830,11889250,12595363,14818812,1971283287,1899154202,1846453679,1838551447,1766504335,1767555715,1775677776,1741644434,1739451926,1782080018,1792844992,1793872596,1804977199,273666344,260761769,251736268,249044053,239710646,242622066,243255956,241069448,241703155,265058655,188274018,193587327,304741266,131928276,127054042,123223157,120688237,115664918,113763360,111331956,108305503,105189060,107644992,110278708,110639595,113324891,51551246,49817134,48803312,47370811,44853748,45910915,47926151,47208671,47016572,48476732,24837500,30379331,32245284,35538613,40816790,40197818,35554424,48688199,31228501,40357368,48125648,37917312,15446672,16553537,31885024,64679609
ALASKA,725390799,726699913,716027215,721744177,711181788,693933408,688001845,682495826,673081514,666918708,641431359,605309764,578916138,438132784,418290143,410908888,414053585,414485101,666737804,539442259,520603054,460008559,413654983,384228399,394575674,412554779,56991545,65816511,61475428,61383435,58576963,57104921,55659947,57637257,56674545,61054899,59288785,58449208,58220404,910897,724153,612125,297851,202777,89364,59696,284070,443831,364557,108520,189079,253685,58861537,60558458,61584604,57178912,56347631,60744131,57805708,59501910,65144816,67196368,59980844,55816469,57778645,7213896,9871386,11052687,11383668,10931460,10694573,10160886,9504350,9691711,9495230,10549173,9234020,9716959,–,–,–,–,–,–,–,–,–,–,–,–,–,–,–,–,–,–,–,–,–,–,–,–,–,–,–,–,–,–,–,–,–,–,–,–,–,–,–,–,–,–,–,–,–,–,–,–,–,–,–,–,–,–,–,–,–,–,–,–,–,–,–,–,–
ARIZONA,3690820526,3617868384,3346718582,3260105196,3126186606,3040265275,3039539648,3070786593,3027600745,3256512906,3359861432,3531455165,3392319069,1075463382,1095166802,1006079274,972152241,934002684,916617118,915571127,898037856,861743382,770956721,859390181,845882579,795319935,344168460,361149332,344086534,338867619,309607721,297427404,272886252,272990370,269410255,225929005,206437720,226773945,232646658,2915640,2956754,3457420,1947616,1665305,1706089,1580375,1665948,1817135,2073623,10873343,10971707,5584751,233177057,239846915,208210531,221550448,194855150,199390837,193208978,178046483,173792074,99764594,187008767,166216754,186256068,28672855,35456259,40728406,34342366,29816310,32098840,27304275,24196966,25038535,151646080,135885169,125482579,139412910,2501266456,2367181397,2189474330,2144996444,2041139426,2009716311,2013800192,1997541062,1944553572,1925272360,2084843217,2153070536,2255071324,406939358,373103233,355786805,343961448,334083639,312821034,324454073,336587889,325415830,330624073,334131348,368472960,341687820,101715913,94534894,75102171,72606411,70350947,68289915,60840067,58949293,63203856,68259292,66336523,71449799,78404671,132988968,119580351,136092844,141134419,130133036,124566096,130096980,131895565,136737874,116653337,116676673,136428754,111499629,89044614,92174245,79044850,84808563,67702004,69898700,76121748,59344624,55014234,65523639,71375105,102803474,122338095
ARKANSAS,1989765192,1965622903,1929131568,1876613635,1846356785,1829292498,1818164198,1803661213,1791543470,1798852379,1757604021,1716716223,1689264640,565884881,555005251,544661186,530842325,524988119,518679147,527026030,492677313,490982927,492291463,479523820,448615309,442210880,106661868,125496607,125948862,124195959,126959795,121266839,107511755,94156497,95351294,98069994,90422003,79542379,76450288,18030022,16341587,13702044,13401180,12057476,11549491,11400804,12486408,10587887,11629632,12001037,11180382,10372135,187831797,207297782,203144227,201652942,197711016,197296530,198566317,183500946,198823831,196050691,214753424,187295336,190879748,14128044,18800375,22277350,22517544,26004611,23618700,20293025,19888200,19700237,18580152,18506817,18755105,17125541,1251796243,1240747191,1214336508,1191382639,1178851026,1173165809,1170635549,1170200090,1163908377,1154090421,1141046676,1125283207,1108672797,207341232,201238204,198286815,189804932,188668244,189977606,185392055,187248032,185661705,184325657,182872151,179527476,177015669,91595804,93720595,89828356,88684751,88061651,88268863,87787443,83832798,84050635,85504682,86305441,86586821,84765135,178803827,174207870,173180180,168632670,163896048,157845503,156120774,155837070,153228472,153875613,153053949,145323547,140803469,33213797,27882356,24324402,24344290,27324809,19774641,34136677,19624565,28786675,26967863,25140497,39380204,43070866
CALIFORNIA,30488297715,30037746037,29160238272,28385594541,27148051584,25433551906,23880538763,22901586775,22845108454,22874871130,23503106187,24365951573,24408875167,14910153404,15831763389,12500256398,11385175951,10154297406,8958203734,8311543532,8228479393,8250199334,7843569067,7756666360,7573922649,7890652494,2540524172,2583817456,2360463454,2364304314,2228376978,1959137200,1763556029,1743564447,1724400250,1741303252,1679025181,1580419020,1685441818,1058199707,1033283423,979820210,935273418,879923245,819726436,801829301,756495270,755681445,754422397,748356725,795996382,768743270,1932165394,2198670683,2150273759,2359696664,2185022513,2035672821,1575298228,1180925500,1254825167,1461633893,1365473021,1622480478,2190205445,14300048,13270117,13932447,12017070,11174456,7665134,6268868,4487128,4418143,3809771,3808507,3661594,3586386,20671218040,20301884340,19960429181,19804366804,19149264118,18206082989,17076582010,16442309596,16460505498,16561534321,17138076886,17953660327,18006362824,3822510962,3731483043,3598841164,3480087606,3339020880,3115304271,2946548892,2820919710,2778961651,2760444356,2809219250,2824563421,2794441567,428879220,397126095,350232705,314376629,215021745,150479177,144846567,137514866,115332767,127062159,130419485,153531874,152299754,720251171,727548377,731721440,772136928,772174351,674698440,696475152,718317494,734250990,758493371,778490284,818092805,854189829,502943372,523513692,557666548,668906574,490066902,456842514,267825178,201282546,234909740,319965605,316585759,487491829,608426383
COLORADO,3921480150,3732495063,3502851630,3421045158,3348613206,3222468457,3155519916,3034027461,2987371902,3018418325,3059053410,2970930299,2815247254,1273816712,1203833437,1086936324,1004243083,953905899,898454150,857531475,819269543,762687945,743335253,724107986,686310904,933354668,157618586,163011195,151919691,135158981,133253278,117985462,116455142,113518327,114591784,112519659,110502483,105025053,103557233,87083533,83709930,75185713,66347058,63121343,57447437,52440281,46818867,43413380,42267269,42116539,41608165,53048418,328122040,319227721,304184308,298385116,304275092,300310096,279865933,272730042,253575056,271477931,274122107,277942843,281898270,36188696,69038565,66992951,64634780,69568626,69310403,70531534,64382993,64983193,62674777,59574416,60049167,62285149,2534485507,2430019360,2408310717,2463003235,2418131044,2340420159,2280639722,2142996107,2120302974,2147254006,2151622195,2111674524,2048330776,745280908,715000986,443458260,406900789,390643710,378532596,361673751,335796144,333745499,337964915,356613211,345719472,334175090,35303758,26827883,126444610,125584992,126295603,115293228,110378187,96692302,78112654,82659172,87514203,85977940,78776335,234226112,210833890,212702793,131693280,123402077,122402274,118872953,186696795,171438612,163940463,108268215,99190579,92050280,48448672,57196190,59803165,54085337,58345123,66952256,53549030,48827714,45415687,54219881,54033013,55887395,65980264
CONNECTICUT,4072311697,3961284707,3800684263,3963986693,3909375279,3833099173,3768383556,3671907651,3597321000,3601405478,3544680769,3444803590,3343802807,2039652188,2021271250,1979057110,1899984017,1885229839,1862291672,1807916684,1633961459,1602150113,1448012365,1371504932,1330076790,1263905104,191245202,196306615,181981375,217458399,220156630,207768630,219747649,204247803,200190424,199224980,204105857,176676643,157190087,344895325,593645961,573699816,531070442,521599302,501316108,458223300,416259095,400077391,396499045,364609254,357872022,333705043,99635359,97424845,97084498,103921599,112589250,114554982,124376827,109300949,104888305,115141304,126809130,124644435,122526472,5635351,5028280,5481424,6506491,5524352,7472773,6227977,5465295,5338043,8590255,7226164,7562239,7503496,2533389320,2515880020,2573072721,2408008761,2422735953,2378853838,2360365188,2326121954,2293553161,2288948967,2283622951,2232149546,2160410918,568476619,555953844,475889084,419412792,421361979,407677098,407863660,404356921,397723496,393865933,389208722,373535224,359343792,19619810,18235063,18555449,53954326,51725101,47832685,45891310,47357016,43862253,42550163,42420860,41007061,39580526,268125413,278536810,284707956,161404595,156750712,148053476,146799992,140373783,136982029,134659002,130350148,123220682,116516195,15206675,–,–,–,–,–,–,–,–,–,–,–,–
DELAWARE,803767357,815043526,778191998,758278843,732115795,705382723,686840087,661953983,675131067,643670733,607857133,595656994,578066875,450150704,451261334,423578158,419881888,382812157,352172331,347213902,342145715,334280658,281665377,265699807,262135049,257760317,41233367,16938587,16627609,17908297,13610754,13329978,10797303,13070855,14835106,24377924,14029383,12515151,12841780,20186436,11670581,10055849,9423237,13207304,10144274,9294473,5856501,5632529,5547045,6474801,6509597,5895517,30228930,58590780,55593756,51863844,55001526,49109668,45641192,42207504,56812138,54009960,48807224,38954299,33087199,0,7364769,8860324,12196695,21236452,19346027,14631006,28550346,29798170,9220310,9691939,9640219,9164913,465173303,517025321,495769542,484335844,467196635,460406751,449037801,439725766,450439162,427738006,377124374,371394278,360134869,310594842,146612500,136091868,135401765,128943148,126661806,126548986,121863259,124422150,95784888,114761878,117263895,114065277,27999211,13467253,15450824,15097952,14751127,14717034,14515017,14200207,11620805,16751765,17015297,17380309,17116980,–,24231819,22167694,23018836,22912920,22880935,23320964,18586137,21463544,35176464,29011528,24674969,23147455,4843550,3289387,5009921,4440199,6236108,5224930,7229099,5093988,7238270,13122415,8112869,6240316,8027432
DISTRICT OF COLUMBIA,761332860,699979655,769915768,709164060,687092381,623929466,593208476,562913811,565155854,451340550,458470012,395532249,420355775,186051406,165826778,177773659,167435465,139236478,130180240,114564712,80105648,71657528,79700002,60639939,53516401,63321432,35446186,42625701,53589146,48003272,41722971,41453228,55898516,69213665,39238323,52967290,13029947,23093371,68566969,61010119,63500000,70021295,74460953,74414869,74339721,77413000,84086000,119624000,135239863,166575039,140128700,34540141,21852718,20644113,25166288,22171369,24851594,22666832,20738263,20038148,17088059,18960911,18708260,10882755,92048679,15823490,22529540,21119290,18698002,16995188,8338838,6940217,38636762,22533528,16255749,5732696,962970,9372281,474778352,441368711,450879302,415423033,402150271,388992005,429557259,400330732,389937947,310499832,327223565,107787289,194108045,133358247,122374360,138355677,125984465,120389685,109053133,118872220,71514649,83441176,61563127,55070245,15433809,49321082,9218462,7565343,7068003,5521107,5679851,4991452,2288737,1288034,1237200,1334831,4284889,796624,7851090,16023925,16699414,16880832,15904766,14483763,11674378,12351681,52830549,71384388,63046075,19538010,3696538,14285027,3849680,3150784,3460283,4168138,4141920,3924854,3056910,6106068,5586062,4927646,111616709,2471732,2525270
FLORIDA,10287381152,9755632288,9695253275,9375840057,9227637998,9093724054,8956541006,8687300405,8614099045,8826444840,8699434850,8945024413,9189112269,3209025202,3036636373,2982061025,2907839918,2794944288,2711822939,2659519618,2395362956,2328432107,2860946156,2680150045,2693245815,2708436723,3827139704,3790523954,3526041922,3366298485,3131946376,2930569481,2688847457,2483440912,2295046574,2196960384,2129008654,1860387391,2018889093,611460,311049,240166,203409,0,299734,305601,608741,511021,960187,943321,1027213,1581277,560334760,594354528,600017788,529448755,487809517,579076754,540299202,551247405,524711021,582506775,502706147,499287088,568254713,184226533,213022213,135802169,125650490,120763321,104553628,119795772,111554343,100560561,98479435,99453572,106025492,108374846,5930910899,5650380628,5659416617,5558082904,5551163375,5548574638,5518187991,5358151991,5342377225,5568164948,5249057514,5435735750,5574186018,2054899049,1964019831,1886148560,1801325985,1741445649,1723287941,1695114286,1645501707,1658477342,1707091023,1803179638,1839989627,1887609484,235269740,220260824,215683443,213980383,205288607,212021169,207931798,191849845,204184795,208983777,211792426,230763973,251024393,383359066,372023815,370538174,355829320,334291725,339009182,334448348,339034475,340139058,280104517,345545169,379018564,395840754,173049412,216016534,207008866,159721810,151540914,202271080,194694331,218931790,199909656,225395209,169016528,200986469,239325713
GEORGIA,8029858061,7593628961,7475744008,7297730655,6932397673,6689670637,6483312636,6489862795,6626114113,6661759527,6863150270,7143975974,6890147212,3606884061,3353485596,3124257136,2824023682,2674847588,2494344333,2375341210,2294936983,2231870911,2226686303,2243363296,2045122775,2421620241,340508198,360512270,310470377,258059927,399784638,366574264,285104561,291889462,235959676,224261190,192238741,220265071,196516142,6230779,6523512,7740026,7771877,8343514,8673095,8643876,9158424,8969449,9026018,8035332,6211240,5740422,564758501,593934629,628636726,620320635,625380718,606976317,561404092,508893179,521023275,505758549,500742372,559661540,574439030,43840549,51342521,51570653,53161624,49975314,47650518,41039625,39633105,37623869,41327641,30782256,37867753,39845587,5257769183,4981651210,4865476644,4701574284,4495656355,4348236632,4250286915,4248677333,4397609534,4390705681,4588093314,4777642000,4627824026,1268226724,1175853907,1153426602,1091430848,1028984971,1253651816,1203967844,1196204141,1185081406,1175502843,1157855849,1185445771,1124348538,227358721,214158807,206300426,196726897,181549165,173897117,169850221,171634955,174902780,175069692,181675773,194162667,196505282,552200902,517296954,545516204,535969287,495552679,221327901,211321561,207898106,205164404,213207898,213497440,217414354,210160785,75379357,95806574,120454126,95447950,112449637,102038275,87320092,72784231,82395590,76150284,91370603,142958866,148688228
HAWAII,1060291766,1022138511,987240904,955343989,948100256,894304839,880213904,822898824,814925708,829259660,812429181,868443739,825054797,598140595,545496491,485325245,420171020,381961503,338737658,324728112,304591433,284553440,263733937,324682589,342919294,285816565,49005119,52305097,66148772,53923034,55102937,51694463,59931508,59613858,63248119,68518765,78326278,78082678,62095112,3343135,4478590,4855982,5293078,5877537,7228041,6079053,6473932,4564685,6494171,6910657,5573486,4530590,63561046,71563022,86871427,80063723,73434495,71774188,99874044,69795514,73373178,64916190,83618321,80933675,95675875,2957566,4103759,5629278,5258984,3566876,13974151,15542221,14841756,12821073,9769812,10368672,8513269,8662873,613881047,620404467,601806584,576214695,571794619,540745762,531560473,538262690,524853756,536348386,498757908,539732783,528468876,213711228,206372900,196166666,188931017,189734587,182275267,179810300,122149217,116604437,120887494,119618773,119109405,113988294,5328026,5661269,5427861,5251348,5163894,4893382,4871042,4578208,4845779,5088477,4885284,5193996,5112826,8707841,9360181,9444932,10228470,10534502,8116883,9277310,15828513,19605806,25295707,27360606,28611815,26012802,1712361,2695319,2541127,3057309,3125361,4657300,11579741,3232847,2780859,3857231,4560669,4903135,3889155
IDAHO,1060936489,1003712820,953953670,902279868,850063068,820404756,801329979,811854638,776700557,801451130,829549327,826522070,795234967,370765306,350839548,332359859,316921305,299869521,288932975,278524775,269182815,261533748,265057365,273217406,267651824,256148666,63510359,67705926,57988739,50902565,45632930,43924912,41160626,38324940,38478272,40802628,44790910,43233022,43967499,1613795,1341803,1112477,1064544,1177833,1212783,1073671,1056912,1056912,1291849,1301868,1151708,1070497,60896653,59550821,54960604,51567148,47744352,43752600,40251776,39028669,40442942,39308558,50620000,53321762,56441247,509860,407138,408934,383032,239964,278347,241417,237406,295376,219083,295185,386671,325770,841595504,796231756,760283270,716948588,675196790,651885029,636880769,645320727,613077512,632068173,656958108,654301922,630003709,151109686,140442415,131138570,125357991,117790175,113521836,109057421,112743424,112365876,117557196,120770507,119776192,116155398,11907579,11698006,10772538,10279333,9266025,8896955,8451836,9353139,8512693,7122368,7034579,7051223,6099237,52900483,51425859,48653528,47002930,44999470,43691610,43258393,42005336,40524218,42480155,42664117,43254730,41049637,–,–,–,–,–,–,–,–,–,–,–,–,–
ILLINOIS,10991903302,10670903085,10338166085,10142328681,10057461274,9965875863,9801210097,9727147011,9543025872,9447166391,9541183966,9200780130,8780141260,7912283440,7146275162,7528405329,7673292684,6270188225,5858827605,5196495533,4298568432,4086126664,3839639284,3894222073,3281006889,2799518548,1121889341,1080614351,1022300790,1007195988,1024979642,1002754901,847597575,780427891,723338037,678624084,590515299,567610100,402164384,364484788,325386901,301733817,276087514,267755158,257863786,204458290,201154042,176821801,161448477,151874889,119051574,383309972,487589911,483051462,448124536,423695768,444019810,419835031,409798194,412656946,390370540,397632097,438189762,488519211,469018815,97235048,89908105,93965462,81346280,90889480,106959052,151917167,143632228,142790559,166185547,166539507,156162263,25012188,7277177711,7108029795,6948399481,6646648213,6620382383,6591865709,6528516773,6495852647,6354437277,6336387234,6374760233,6292808725,–,2420636071,2312076903,2205172577,2156754440,2120529237,2098476955,2048292103,2013320327,1980969471,1954067307,1927999729,1871708974,–,207743295,199976687,190519597,186155369,190132501,193434697,195511145,200847231,200325891,205475634,216639840,216276489,–,1075555171,1032977444,976210226,1135049411,1109874102,1066404702,1012875029,1001637203,993236725,937289788,1019844401,618361561,–,–,–,–,–,–,–,–,–,–,–,–,–,–
INDIANA,3951718198,3760976416,3731848165,3687499410,3622089111,3574919833,3580342295,3591801523,3642956169,3668623721,3808314327,3710505547,3681735767,2147949165,2016982997,1995089387,1911383667,1893369333,1859845504,1833963486,1847374060,1896206677,1771179685,1729414837,1639628245,998932254,135778168,128566184,124653008,113159397,104079737,101593980,86868947,86936232,94510467,93398925,100160875,89558838,118176958,10401710,6533463,5273437,5368685,4885047,4724470,6706867,6455307,5923352,5149184,2645212,2229619,119485574,247923206,206802245,213443482,218549548,202778707,190183557,185630423,169483942,225785880,159286275,188547606,207783929,97488650,4255485,4244893,3919610,3965442,4467107,3894796,3079242,2720601,4053175,4717761,5464691,3241307,28136127,2730988446,2671444939,2658917071,2639476917,2595686769,2569089776,2589971569,2603771752,2650302831,2669692796,2766157778,2713724615,–,464409620,450314031,446280260,438464716,430689044,423681747,427688799,428559260,442541719,456105403,483845266,461010957,–,98789946,91196152,86700543,84711637,83850066,81561553,80235959,80386319,81171777,83194204,86626911,86089471,–,46460595,45571213,17181268,17107670,16994488,17337073,16178388,16740692,15981695,14888750,15259814,13833406,–,85487692,70187786,93607805,97359364,89324319,81568731,77025051,66648177,115755973,61546601,77303492,97637209,–
IOWA,2608716245,2570959286,2530214935,2487050110,2414680595,2357488749,2266127625,2206409794,2136792980,2111774256,2111224411,2085292332,1952930339,879593992,863582825,841619236,812849937,786969092,779276472,754548403,729091474,701068334,670349557,645634964,624586595,592046164,96085092,101082389,92287838,81751955,90386632,92698571,93197326,84706201,80257497,82723915,76450787,68149687,56182816,32892253,32895093,35295934,31550197,31085012,29262779,28494114,30727339,28548570,26011763,25005257,23680379,23272046,100304229,105681605,106871162,106932039,104826857,104785227,107043463,102122190,105505747,99365955,92623647,92263800,95949632,3567994,4596554,4411918,4071511,3808851,3617216,4277543,4436209,4208681,4120438,3991146,3924895,3534543,1552096769,1540917856,1533173624,1511675152,1467013540,1431864640,1376268130,1341681567,1306928230,1294298711,1300772783,1309076730,1244881899,352753463,345654598,336962471,329513162,318391130,315045021,307861179,304016162,290659242,285788662,286684511,279187482,286104768,84554414,84123295,83039423,82319450,82613423,82049056,81597697,77617835,77772291,78083963,80916928,79524394,79612661,316351459,319471871,311931233,304643784,290247337,284265941,270368862,259365627,253571322,254874736,250063191,235707330,175094524,19306146,20748856,18723703,18995158,20491860,24454232,28136727,23798823,28141187,21240673,25296017,26890714,29062060
KANSAS,2398562149,2368050625,2264927547,2173095792,2153182081,2175820723,2156471165,2087914845,2082097744,2075509896,2109133842,2131867271,2039934061,850695406,679534582,742015802,633067179,624905916,647283132,648768148,619997493,632726246,543673712,551743187,539367250,498438184,90518422,96297469,90913928,94199763,89899852,94674082,92257450,88692082,84449349,90862374,82011947,81428658,73793919,3792879,3974272,3686861,3867747,3392562,2741353,2920961,2727389,2676692,3270357,2888040,2640210,2512655,157208946,159167385,152967218,147245549,135837682,135739572,138280251,137014490,138981080,138935968,116483736,129984037,152382987,22922868,24551900,26176142,23050858,20430486,20977400,19631169,18871823,19293919,21322745,17827631,17581108,18466611,1665482662,1610256779,1545820676,1486621136,1471423221,1491750742,1477348106,1461481212,1434068020,1437085934,1472273105,1492838606,1439535716,334146757,325829957,307870509,294603217,292993726,303044801,291665838,290798973,285226260,283996432,289467253,291610346,274804944,82625289,82078052,75137272,71064538,68464829,68460488,66572637,64626903,62748151,63895576,64674399,67535587,64068113,38777451,37973566,36156088,36105962,36286436,37172817,37176942,34104629,32017281,31623216,28722340,33061882,24388470,34738113,36528039,37046010,36677960,27685577,28918307,36728638,30728231,30777445,28335557,28207223,31438352,46144905
KENTUCKY,2780668672,2745858502,2715354945,2678618791,2653543566,2597950312,2568493065,2583237624,2597859229,2580066539,2557261905,2497940905,2477698439,1551903696,1490271743,1495779485,1061769021,1049594448,995037518,910227965,892009767,889303195,866874530,845438218,785432364,765049635,72546901,74051926,65546400,63738380,61714762,59334335,57851188,59654704,68084577,67416925,68008398,59332704,61840279,3218447,3044782,2924934,3002703,3106144,2975284,2815829,3027106,3441692,3816766,3621291,234640,199509,173975257,141358339,135157703,136606891,130899206,121762627,101787481,100083589,115498249,116696212,130796867,130493469,133232502,17069393,11354301,11600275,10875552,10864075,11421073,9105747,8881502,8954710,6808630,8951344,13238769,13663261,1929630564,1915157266,1899779998,1891411116,1884830352,1845935739,1825275140,1833823340,1838750873,1819395185,1809554336,1802901500,1791754548,424269932,414565356,406867627,395621371,389736595,383875348,381897198,386007412,391583209,396246826,392473785,377690971,372446458,35158483,28572742,26688365,24599650,22563873,21673341,20791808,20973170,21598165,20270100,19975998,19930706,20234806,88625494,91172830,87816260,78823144,74661013,68952509,65497359,63712187,61632183,60463914,56606375,23185671,21966507,27943447,23204732,25011870,28750842,32442721,30550275,23490880,23062069,29845747,27822736,33311174,44812247,50772686
LOUISIANA,2903195871,2843364909,2824550367,2786077481,2781018736,2742975523,2711576745,2681984672,2742735348,2869598796,2912228563,2886091052,2720712574,1376242315,1381016132,1381543668,1331231495,1326846020,1331045348,1273091583,1203729917,1226051591,1146438599,1008888941,955366903,927875890,180264287,187121470,158853940,152312373,144107602,135514617,114752520,104178704,99045038,102961259,106206319,99389732,87778709,56290551,57161339,57717773,61117543,54358547,47157000,36779801,25569056,9984360,1404934,6447784,3884246,1336477,256476218,259592774,240502942,215035677,206561151,225173015,209578566,217081172,212087759,250342607,285880469,264080808,264982619,4757518,7237403,5787392,5353976,5338905,6177121,5367110,4686964,6608874,9451280,8701650,9726972,9236204,1806721077,1760154640,1759262273,1744350219,1740822928,1720590656,1697409442,1680399623,1705011512,1744627517,1774905085,1759601049,1660737053,440948935,431682015,424984856,418147079,415132829,405065578,396214257,399866015,411558943,428630128,434651258,422376315,410714863,79642634,77483016,76044848,73807608,73721076,71079100,70799252,72539263,75712541,78380446,78969298,78605624,76387517,244078070,246877004,247700105,248254512,248941147,245985961,253533146,247684830,258757306,269748343,272786641,259234903,243191639,54384976,54089960,51200782,47021607,51548906,57685089,45135827,43585554,50839088,41261319,42137231,66615125,67688233
MAINE,1081673976,1053652604,1015133273,993470638,964407233,937483090,919464034,908536796,905607610,914977092,912900277,899047406,921456150,442752509,426316135,409426367,386470227,394300010,406803948,392419735,361132333,355106278,387201682,375762358,370583243,375231075,45728804,45542165,42114114,42732872,39952670,25822509,25390439,26541007,27509317,31789096,29712096,27829258,52596450,93042540,87938566,86049117,82441803,76846497,84243388,75450274,65401156,65786876,66125067,66228787,74471036,82634136,35589254,37881668,35367539,35655007,36233389,32386098,31142170,31846616,34721666,37564352,37687703,37798004,40939695,4332678,4844387,4546998,4703419,4542789,4637171,4349072,4023016,4690982,4672174,6020844,5017938,5930576,692534952,672663690,657634304,648740369,635218329,638163138,629539787,625658622,624358849,594229817,608837868,616181412,630055339,119456664,114813113,110838649,106955295,103353540,107108851,104603478,102331090,100709279,98109892,105814519,106462916,156342550,20093467,19328738,18350385,17543366,11922540,11589927,11594939,11815847,11792586,16392324,12227871,14004023,15521147,30707621,29658012,28735739,27610184,26051400,25077618,24385359,25228447,24472164,23594358,16061191,14764687,15024374,6516516,7287494,6637850,7103124,7206841,6526145,6265572,6880143,7381615,5814508,5933569,8418803,8781709
MARYLAND,5741218513,5498252289,5339718044,5256374627,5029476284,4940004943,4759013187,4694570830,4632076120,4708564048,4768638753,4715494613,4545794776,2562343574,2457791833,2401862775,2387876046,2283910035,2221889880,2189400055,2141071909,2070610011,2025230123,1925146059,1773296983,1669202472,355839771,357978555,328426516,299548442,250070823,232136012,212796289,228241462,205131601,227255119,203855068,195809650,170987852,291044378,288648015,272542584,263951897,260125784,268966548,260746068,256343725,255230642,248452072,266745607,272920690,255875606,261450986,217879240,199605591,198799115,187431222,200821620,213285340,197631990,190262512,206217450,214323436,181502617,206409150,26939651,21732671,54008038,25637012,17882548,18873751,21697976,9105035,8918247,8433896,7757899,8452100,7469130,3544400380,3432733111,3380511141,3324765239,3224125041,3172288896,3092674425,3025994362,2982853241,3064543987,3077126503,3065005011,2936140972,780400634,740160326,720214586,694187161,733221265,672337758,649540403,639878113,629558865,633528253,639660113,635240550,612856567,99076076,88989497,88422208,88182136,96305716,100693563,96739397,96945163,104186903,103782674,105102512,105033917,103636027,451977558,417723656,351973386,204419156,191763132,174795057,159945650,171091088,163018876,163880187,165236816,152017397,155772448,30920911,28399290,30164944,35256683,38746652,35205321,43650769,39945207,35232773,38621175,45624697,44429533,50242579
MASSACHUSETTS,7381786435,7183911484,6952067619,6823131040,6656110749,6414954942,6247062762,6068434743,5877769196,5644823264,5536312788,5471800817,5285693418,3333706546,3138480465,2995073124,2863534425,2641926450,2574252852,2377754266,2305486098,2307285005,2247971266,2746541434,2666870445,2391561573,185270396,193418280,186645128,99993765,95885974,89399692,82050318,73702863,63399842,57082887,54297704,55221774,47487544,939789576,896920401,863725980,832707483,799675796,750839832,728542657,704617577,670017833,642125629,633706253,641754965,617213670,304505180,293424834,305088442,273503170,277803313,254315715,269369335,254790822,223619283,261104019,258212132,221577404,186548196,36291396,44653567,39185185,19678142,21311862,21139559,17417964,17606510,14686169,14435210,14485623,15257210,17521031,4525538254,4365535671,4255736777,4015244277,3925881924,3818473087,3712919271,3610636903,3467773397,3387933006,3341704516,3283894000,3155307546,1175301465,1103057755,1043042113,977864951,939444125,899238228,861378293,825983434,778428495,742435687,742379136,740776968,690559699,280186822,270131265,257006382,259428555,246717842,238985234,231810399,226159792,217048466,215294261,209752237,203727307,204598453,54276693,58373014,56841447,72687611,68302605,66467845,58859249,55252505,49154344,52417449,50034376,51185480,46218932,58384554,50559125,66741110,63607595,66352075,59710388,65228140,62668167,56983616,64501840,73544960,64076028,66927975
MICHIGAN,5456347725,5347331323,5259198377,5203188382,5176561620,5259495550,5331186417,5432104105,5565713594,5711512003,6046626936,6092786143,6022723390,3675338672,3574813315,3589951663,3414022666,3368888775,3242437581,3018939446,2946982928,2945017330,2916047590,2857136419,2813156066,2765379038,1059767041,1061062353,1018066890,976162054,947726356,906121532,856182008,801472817,789381330,732872374,693935173,636710150,569328687,231593,233272,252052,260081,235643,184897,260146,231587,215184,180787,191182,108296,126445,270805273,309770951,271397385,261915214,254200832,259632426,261634218,252608113,249001315,293848653,298547855,281952546,289372186,17763909,21181353,20315163,20261479,19070185,18902041,18499273,21219708,20202193,18485182,17453267,19018150,19017280,3830766477,3762443778,3724104062,3702297992,3689877820,3755570599,3803256848,3858697736,3944491238,3978599584,4203574012,4294689256,4226199000,679597536,659491928,650588710,646548721,649410982,659836656,674478545,693064010,724575081,754436449,803607875,811143811,803162311,114048539,109650813,106816819,104026052,103101277,104314151,105655849,107962343,112357581,119665499,133024159,140254691,139690347,220380357,215932615,201351530,187855048,192521418,195711705,204341844,215733295,217351398,255171101,259069682,209801537,203057711,47619716,53905800,45700464,49348970,45736829,46981494,52392721,49227063,42538378,52197894,66405510,76520159,77437486
MINNESOTA,5302828669,5158195860,4996739790,4835057765,4641311596,4499274931,4294902411,4184252754,4058507804,4026985258,3962598118,3890982226,3771176184,1822928455,1745491099,1676788380,1613811117,1642236801,1503059235,1412031606,1347793218,1294397218,1258415565,1349709227,1613131222,1161436146,371381074,392534096,387832535,378175643,367612190,339173987,320408747,310967825,318001111,337946241,330105353,272010343,240951128,98599101,96181948,85447951,78685071,71365085,60343918,53215143,53614900,56502123,55945053,55997563,62590687,58334869,235806833,237402237,234730891,224880819,207137984,197255476,199546626,190755969,185373111,188446933,188968259,188951267,184753870,25572844,21592786,20433835,22498860,19813859,19959223,22433155,23607464,23841283,20854594,19542264,14981393,13111463,3003029819,2942553409,2868118603,2798042729,2698393162,2630140999,2514259319,2451893898,2394043744,2372622118,2348531818,2319769863,2264487812,689227913,655846335,625494651,597078529,567965117,550809309,530581659,515140722,513620856,512607209,504636333,601665443,576474552,98737163,95424875,88680916,87370987,81370610,76177529,72548300,70472181,70741546,71446530,74457861,78355685,76853955,46529333,48212450,51277962,51477376,50342332,48465460,44437200,39270866,36594181,39257560,43849743,57561573,60256249,40213073,44595209,43917325,45320080,47942481,44992603,48186685,43767533,44185370,44054208,45835256,51984979,48540842
MISSISSIPPI,1761415288,1691726866,1659642286,1658004979,1667459053,1624327777,1567660722,1579059251,1577426548,1569390946,1651701921,1628917874,1608319306,609154819,559153065,547078576,549816141,552237811,541000896,527814541,509263800,482206676,475160222,498594018,494847885,488539886,72032820,80852496,75550149,70947213,72635677,64755744,62771730,62111623,64023948,62080406,55878148,55192237,52785521,11839992,10670250,7877083,9269436,8209006,9753546,8633190,7131477,5566631,5116065,6312822,5671003,5382730,107103695,114603481,104671800,100227760,102865796,106372974,108022702,113760411,127489526,126656254,125498625,133565765,132128942,14538593,14557133,13103967,11950318,11174770,10909484,11640510,9514553,9936987,9353255,8608173,9340474,9267263,1160047356,1117882911,1098410199,1105458784,1111932395,1083686398,1040210180,1046923312,1045890460,1037602978,1092004484,1077154524,1062142009,247620330,235885526,231886837,229178815,229026889,224216069,215067913,217146623,218498009,220960250,230598504,227255325,203644141,81113012,78548287,77486045,78859390,78826831,77058757,73353092,73941784,73278938,75331701,78485903,79213534,79508744,59498494,56249702,53451119,52273845,441038,50846714,50836258,50417633,48978929,47591687,51349423,50050363,48404301,22065237,24284457,18691151,13561233,16523506,23247735,25158753,30052000,21708069,21959159,19710037,35676661,31740675
MISSOURI,4048820736,4001351001,4116763857,3973410517,3890460957,3826041872,3745579127,3679534375,3619732752,3632510355,3773166932,3742157266,3621223795,1293133621,1252326215,1275526068,1213296436,1178623833,1146421906,1108451197,1075315518,1045106727,1030136737,1030091851,998610449,928543499,154257225,174996490,200909670,185356585,191789884,172822099,161269045,154578102,162026176,171190600,172346645,165812864,156470647,926331,1191351,255902,11569963,11501686,11111253,11721489,8777759,9713150,9597626,9191025,9162280,9289128,339253871,378209653,373135375,365050014,358768452,366253200,344921683,342049876,339843735,343008429,371570396,368879668,378017960,13338489,17109258,20225035,19238145,20719512,19522818,18565430,20333538,20915318,21638092,22225512,19500334,20834169,2715297980,2672619198,2699346752,2623905169,2587695192,2554416166,2510303786,2480342316,2436487976,2448785892,2531541315,2517748531,2439645294,504908879,498336723,647501921,573164634,560887802,546542962,535944254,522356709,519961220,539007229,559550599,549376659,528855585,114893155,112975049,102094618,93249217,93314614,91895657,88382147,87748027,87232053,90208904,93588488,93559668,90702789,320991720,329300928,304835475,310199280,277724815,273956450,268813817,261755194,256317621,245750801,266270570,265423246,260888791,44029041,50205510,54195205,52850093,61075186,69538092,59131016,56870105,50535467,56960722,70284954,83662961,90910402
MONTANA,710526834,694134296,673528732,660423782,643783394,625968012,614875775,606370694,593487044,601939136,595725171,571818874,555735430,220674047,215511959,208789395,201944827,195580647,188777320,190429958,179623678,173387521,177067736,172491581,162073122,156887709,53292454,63529708,59193801,59733003,58265689,56859458,56324729,54428072,58350356,60063220,60481352,56988730,54970265,1444559,1274474,1289809,976924,985000,917508,716809,847304,684375,970201,873140,785092,750138,66908779,67855239,64089087,63834635,68007712,65514723,65997734,62704790,64518643,65466479,69385214,67156718,67036174,9051203,5576855,4568768,4418495,4274062,4005433,3901633,3939392,4653228,3529644,2831334,4020264,4035726,555628425,538969861,526795258,516020529,502056940,492139903,485357848,478724816,476749722,475613492,474708467,450453130,441576907,58542896,53267459,54700055,51935788,51118844,48989675,47869644,48189402,46558960,45901433,50353058,42666556,41400208,20518032,20257860,20250010,20151820,22788237,19462628,20086736,18910427,20921154,16993136,17835750,17996363,16480167,1426254,1442253,1941726,1659086,1488972,1732264,1749589,1572273,2215322,1430151,1936635,1789846,734444,8333102,7937891,8561508,7363932,8089953,8858649,8256207,10305955,7380363,8364910,10148082,9287243,11556112
NEBRASKA,1746623247,1732907400,1740122782,1679452580,1637339413,1588319993,1541815881,1505034649,1407204508,1425175509,1375800034,1370627572,1319901807,667451327,653723788,652225468,660061259,583657587,574864814,527389794,517891736,478046329,482025790,468113215,450345155,432364616,80580540,100139844,143610675,134211934,131444752,128546286,121033726,123921046,128007685,134001077,125092664,65350751,65969349,443845,4000,0,0,0,0,0,0,10119905,9404325,13417297,12071146,13339616,113844185,84265923,106501615,119990503,112252637,118078776,104815789,101912090,99649307,114880862,124863804,73012261,66155908,7933374,10527355,26709619,23088807,21986631,20701460,19069037,18307276,18915016,19891074,21454340,11152720,13533053,1080846655,1069284480,1044533997,1030290215,1019884523,993763516,971961792,952200777,919581523,990532778,952095701,983375092,940235088,261344219,270671909,260399522,251760612,251158161,241407064,234092754,227300452,219151017,206196143,198371412,215676630,219203440,2813905,2848819,405299,458091,520282,356271,428814,321193,93777,111901,20233,–,–,275739447,277978599,241129217,215420455,195359406,186142778,175297247,169802361,106012742,65696957,64097876,71995041,66339032,26232544,13237880,14320211,640704,2940417,3496255,1360039,3339151,14876455,16708196,16834418,17917176,16751776
NEVADA,1793178629,1695135902,1657270909,1648454941,1565794448,1480410486,1415330659,1353136450,1381695602,1439112846,1428341688,1423181362,1371429360,757434020,697556716,679995047,669524658,640136966,583389302,565882059,531835749,537317779,536624181,515922898,523471490,493667056,45443261,49194026,46968259,48597330,47618504,42110430,45916637,46779378,59790297,56334232,36766809,40498635,45880330,4031400,3249772,2461886,2429128,1948170,1822088,1587035,1515384,1602697,1314916,1186993,1536140,1801326,182120500,177485931,181698393,182142940,140143686,145680324,140619491,120795909,111032279,155303383,154695921,149252701,168807876,4801191,3646668,4235205,3679015,2682707,2453886,1594495,2011587,3051608,1476150,2915931,4782817,7664948,1213542889,1189991491,1173430941,1169078522,1093992780,1067114416,1033629493,990224673,1017819028,1058537754,1065611018,1066333445,1034042927,287470807,267205505,260336249,253450953,238156932,220697216,213736032,203683736,210695358,217922325,223115387,225882871,211505584,18425782,16760942,15494953,15772843,15400048,15164675,15000185,14921167,15113637,15633831,16712359,17783414,17371172,52937904,49316046,48318407,54865577,64989445,66121802,49193928,37904135,34991504,35173719,30150537,11506998,13614182,28786625,33831099,30586997,31989428,31965816,15728503,20985290,19227909,19651006,21818938,33042022,23803274,41774716
NEW HAMPSHIRE,1141871378,1124194464,1105557600,1085209066,1070727218,1060632966,1048181563,1042544719,1035562698,1045325579,1029385441,1001598794,967073625,552247032,544585784,534917929,510292736,499635755,472499577,473539468,447437313,447493824,440816093,415872518,383561682,370606161,59804158,60499654,55085158,50275343,48479343,47213369,43850965,44896718,45672869,44964548,44848770,40756531,39190015,172528650,166623199,162329740,155074119,146777823,136392073,132436280,131227837,133227053,135465317,135815419,128750921,125828287,36806260,36487488,35773377,35203562,35650726,36592448,36019606,35922029,38356142,42636505,42510078,42445387,42565120,3139752,3568596,3444574,3287788,3013577,3022836,2804339,3086700,2736315,2932514,2868567,3043682,2919902,724687575,710641416,693655716,665889404,681496743,676775893,663074230,655950164,650351596,663365136,653329508,641881878,625365941,173794196,173593221,169485170,159298301,160980582,159569298,159604499,159019074,158874103,159667567,155546637,150145217,140874155,21012121,20156365,19948781,19008352,20011109,20432669,20396689,20416614,20708485,21382435,21545384,21334892,20756077,10365443,12382474,11192497,11486557,11116705,11394325,11122644,10165308,10326624,11416896,11129435,9926015,8221911,–,–,–,–,–,–,–,–,–,–,–,–,–
NEW JERSEY,10063819356,9821295810,9612214537,9803634569,9674517092,9543271014,9430180302,9329281207,9110276732,9006685928,9318553715,8958240849,8661066891,5746849655,5591787456,5191035812,4888506533,4594280029,4256869742,4050773599,4168394489,3839863172,3647161559,3594862532,3329813779,4279503333,861059900,894236060,846956624,660987699,636802224,601927921,584199866,548055854,512220223,470067607,464905264,424164151,360992256,865282075,831317832,822750849,677927423,653190282,649826111,632284065,614647050,601149357,582169223,605438929,629357452,611550715,519061521,492251533,484275460,443099813,455518261,478059273,484849033,469671610,448775395,377575773,419575394,441358501,437401164,37132925,46117830,42077460,115225722,118354362,109942318,108584457,110117923,108875967,125343653,138548779,116733828,123371081,6794775380,6661905373,6531531281,6334817310,6264175397,6203049988,6244276956,6165036130,6021539379,5896751829,6076862362,5973349647,4004130074,1742928714,1686881681,1652214764,1584884367,1551496559,1524745408,1838508164,1801003638,1745537076,1666995639,1671380267,1619408629,1520520810,103411460,99959785,96216281,95597472,94738635,94697867,98645307,96170398,89276693,88692363,95292702,93935666,80600749,822541741,794210350,762755277,725017314,707443403,700475737,713459367,715592638,680724628,660155840,715534733,657239134,354204460,62833467,52183603,56380178,56498453,60042262,68060795,88127366,76233637,72089051,61286501,76327660,81662527,74380586
NEW MEXICO,1431186103,1317786882,1255124951,1282898163,1284540518,1278414832,1229082971,1220165814,1212443944,1227588088,1267211758,1262434884,1220474796,490994344,457035774,442361780,450509983,443880915,440844736,420623733,386397893,361784557,387734585,390637261,392631682,365724715,100009467,86969477,76443820,74019338,67435746,66079717,64765143,60838628,66333120,71269203,74630120,70534746,62854760,0,0,0,0,0,0,0,0,0,0,0,0,0,168158247,128310927,108926816,106860207,105846083,104541256,109585137,111963169,96388888,106128779,114881944,111597004,109541384,589321,158044,207557,280270,331141,313151,171558,186072,164753,309931,242631,561578,222254,910768721,864115235,802303610,812194460,817738019,847109283,815639008,819232466,812388595,759603649,810813944,780041292,768109061,227222531,260634162,189153566,242012661,239933729,244296743,237825060,230426679,231283089,235643933,244800393,238451828,238530972,25917000,23103470,20247349,20459193,21111684,20432853,19862262,19724118,19695968,20187988,22110454,20452286,19706252,56191614,53385804,51344206,50579444,49704034,54858348,53569129,53010509,53488741,53849347,60093544,59589633,56177669,52630389,9925374,11516244,16254980,13730756,7329447,10986399,11249479,9868910,12684952,12220583,14571868,23067984
NEW YORK,26040438496,25646666922,24297034293,25538665624,24955914396,23422021418,23257979639,22291798554,22224345077,22145426340,22419307008,21827433438,20863490167,13070553080,13529567470,13086262810,13445450593,13224238070,13181503263,12447964699,11327198406,10879677566,10225653869,9503553756,9072740319,8566667151,2446603383,2146231534,2173137701,1947700741,2330670892,1954044949,1555632900,1720171027,1947268830,2139733798,1819078363,1693592837,1481226288,2926145559,2911792863,2823927967,700315586,679986514,687919243,650215228,705615416,718127746,762253550,552605765,297343570,271761505,723989797,836804063,897954193,752814216,729050211,691049529,680979765,653662681,629094566,714999790,762178144,748285803,813379677,0,0,0,4731889,4637837,4607343,3865622,4256987,4216155,4358260,5055168,4797695,4618238,16710721922,12831073577,12880552577,13124107289,13001229501,12366562055,14932182526,14836959000,14908692000,14969960000,15355715000,14888127000,–,7519092334,7030294696,6281950779,6237150014,5899620055,5435581682,5556225262,5721962000,5608034000,5544289000,5223161000,5155484000,–,981993592,919341606,902071649,876904801,862487334,768967796,763772177,939548000,953803000,933723000,827389000,822982000,–,809463699,408983093,389717824,375406399,360322706,347155761,336472875,340806000,343337000,349341000,359368000,353816000,–,198492404,200471292,198596622,235457376,234329132,222454853,239968656,238860940,238048960,254837832,271573000,306455000,–
NORTH CAROLINA,6475312158,6424001715,6142486971,5972552349,5810077695,5685088966,5345590450,5405041482,5318474687,5450500572,5495032747,5851080457,5464226279,2419463469,2328925513,2148967578,2014734967,1895979682,1878685026,1801460292,1759957990,1658937547,1566741540,1445007175,1439718543,1318279507,314325688,324325339,314554687,295970921,284478789,265189996,237655169,243292571,263158400,267060529,274235103,277170515,190866319,0,0,0,0,0,0,0,0,0,0,0,0,0,444478635,435544346,434874382,435368544,404207678,390050713,401262740,448487364,429912208,418096055,426813650,429161517,331245191,260537,458156,331782,6074,448700,0,0,247756,24277,0,0,165295,47718,3579902798,3530851892,3341898012,3261446733,3130095027,3094572049,2879449376,2912574969,2906027100,2934305157,2980372878,3156309140,–,559783580,551345622,526079082,513657653,486106182,478433669,444438752,449770779,445943139,461418144,469504647,472745829,–,294723512,296601341,283590278,278291759,267689701,261693168,244363497,246958448,246537694,254420417,265182991,272588293,–,401190802,403253993,399847145,405306900,396629007,379422986,352344935,347958385,342337985,374670067,369525445,358022268,–,5533937,2858523,3839119,4378222,5628453,2777974,6582393,7986154,10899038,11016067,29449246,65036402,–
NORTH DAKOTA,670898825,648878958,623710941,616846428,590288149,555688588,502130276,470449919,446277447,426980036,405128999,386587329,369246416,263975012,246068490,237450303,231437847,221357132,204526278,170466147,159741368,142380475,131942985,122535846,113367278,104249183,27950348,27483470,22532295,22322526,23072109,23075575,18122084,18492102,19343775,17889771,18015645,15377885,14568096,586621,835824,1140577,915960,1983113,932628,1021431,859081,917629,691924,983147,952048,1013149,32203992,30501850,28387193,29925899,28732451,28840311,28531130,26614010,26894476,27022670,28160495,22989879,23605495,5757567,5903313,5285687,4863896,4199697,4299463,4680441,3135127,5766023,2994566,3186490,2621895,2461247,437997699,427473449,413600401,416363380,396354988,373120021,353082368,336178869,317657692,300952306,283077204,271480534,257536185,137636905,129280034,121364117,112082916,109284267,99572332,91978149,77797306,77121612,75862056,72449941,68508704,63820824,31121129,29871951,30086858,29616834,28566013,26869164,26096159,24844172,24908877,23978226,23240290,22522838,21686809,64143092,62253523,58659565,58783297,56082881,56127071,30973600,31629572,26589264,26187448,26361563,24075252,26202598,–,–,–,–,–,–,–,–,–,–,–,–,–
OHIO,8624909409,8354856326,8049163822,7852213257,7526394035,7488983477,7337894083,7168926361,7295353861,7419241953,7436422114,7302474749,7134459604,3218605760,3094643704,2978669367,2868220147,2775349021,2725876361,2665555044,2534372961,2544023233,2578234286,2515056460,2425987597,2368094894,919758419,1018066285,965258295,934871629,725767026,711777616,692420988,626852554,588716216,578882460,559151723,524223542,515629978,481120872,422793034,411892546,412953436,306116493,296098587,281454269,254930085,245998962,234399786,214902442,208157325,197052313,473024745,466715251,453542559,475638013,459953449,449801500,438661222,398155972,389686544,412847174,445040048,433360902,434255642,143562831,169541315,163316176,159711988,160760992,152332532,150754873,153696017,149722868,149047515,151206403,155237863,151786591,5521570886,5361243316,5185504162,5071533016,4848745736,4792489241,4711841124,4740866539,4874386090,4936703317,4941697862,4876172808,4760374058,1688563488,1602278909,1521913182,1474191215,1397113541,1377216833,1349987076,1349469705,1359613806,1412014783,1359659520,1300421830,1248557019,325976099,314581274,303706075,295233027,293325596,286413232,287817957,306145654,314071966,327116453,339989483,336634785,331230339,–,–,–,–,–,–,–,–,–,1757,–,–,4460,129168630,104491986,396353718,129102365,128339287,121529063,116562028,85957060,74599676,88216930,104477112,110022389,115484228
OKLAHOMA,2629816376,2502462034,2171164906,2124218031,2163799235,2141679943,2102580502,2073159122,2036896074,2017034173,2091723624,2059085862,2035769518,840667628,799933478,716169635,695510658,696168233,679060168,662910251,636947074,621640177,613229010,624221998,584338406,553177049,97721359,72560156,60208473,58738517,59181360,65285832,60316284,54338199,53611529,47986347,44297705,41862692,40502617,796341,1876231,1882383,1759533,1787706,2077073,1856597,2189692,1159936,470268,144208,0,0,204354662,239901018,187781581,182005443,193958854,164994457,168888422,171856648,152807476,174221979,219922119,214302338,207652241,8823416,10989234,10396193,10564718,10542623,10110578,10218495,9815958,10094031,9112276,9192042,8786953,8483607,1530045197,1442012742,1226517999,1208104704,1244377568,1238839879,1223691281,1225984684,1219061909,1208674311,1310420339,1304542729,1281226806,235267827,224031151,190810561,188826106,189148316,188883431,185274049,186703261,184377228,185299692,195173991,189931696,188246332,52537545,48809709,42295079,42299969,43296666,43996631,44095597,44701715,45666250,46122405,50857502,52100918,52795415,218003428,212132194,181680901,179708651,186297642,185814295,193420552,195269938,194102705,199160207,241992671,225031772,234371151,35713093,60191204,35823536,43142430,54882340,36361300,47264338,40217143,29821187,39133122,43735420,53958627,–
OREGON,2457457805,2407936486,2323164810,2239093811,2144702209,2010753032,1897876834,1832779367,1836483941,1927066961,1936211419,1948924024,1903277026,1514478499,1373030391,1321895254,1186291338,1138170892,1128279803,1083270405,1001104186,996077175,920550170,901639318,938112760,891955354,157950294,176214264,160861085,139382319,130149629,122513995,112831691,112389069,112236645,120585696,120957971,130335138,132056141,24440155,24564975,23175993,23068611,24197003,24415702,23931386,20703825,19457945,20290326,20167613,24544580,22648619,179953988,218168802,195388342,202781484,197141906,178333562,150453522,144572076,148929939,158326516,161439663,160367729,192512977,15834431,17378557,17367917,16890674,16118147,15729166,13630204,15085129,16963969,18350606,16934909,16677088,15617415,1549501545,1522071979,1476853465,1432237954,1385366027,1293216687,1223316379,1152976453,1187228968,1237178875,1565580042,1575843740,1216968445,244519550,234767908,223942066,213481736,204346954,196193466,188514102,178527035,177058974,181520968,175054362,169947349,167786932,47708397,46967980,42677820,41077106,35500278,33132212,30159969,29930195,30119922,35163782,37992813,38400290,36538769,150215407,151202354,147063023,144653743,135353696,131694475,124464630,149349574,125378945,134847304,88373137,91356031,86777447,23561459,29405514,24000251,35528636,35502387,26606833,16365549,13018227,15813211,23703996,21475279,25547376,43468417
PENNSYLVANIA,10146621506,9889284341,9648426122,9396614604,9192617201,9105193320,9022166954,9035398037,9045636393,9318410119,9078091010,8725192001,8376840204,6421247151,6238290595,6057829404,5724229493,5305249972,4836292801,4381875827,4037638423,3633493138,3381178073,3176888523,2993434199,3056171089,869902190,878616952,891766923,833923560,783388448,678115884,750909610,741696669,719952301,810393145,771405886,679050489,646786587,422014331,446860669,375988258,343761538,294734165,299461526,285164859,269185402,264973151,268900326,255310717,251451603,227048789,538792941,542502319,525995073,541481564,474936105,491422808,466610663,482110924,468636468,569513058,579651116,524086694,518829959,38253155,38912077,39537582,31784447,32210273,29309645,28401850,29891273,25772550,33918005,28630626,27798021,23631833,7328412342,7155933310,6997795780,6832165438,6689695836,6624257834,6627989259,6651898357,6658777665,6850425827,6695464008,6437610207,6175169866,2243406484,2148999336,2069272296,1988886783,1932649983,1905590740,1830378835,1804121004,1781739941,1797785671,1750929716,1670489528,1586153192,239049789,237323026,237815180,236811116,236967508,237204805,240971365,241460639,248547169,279083219,285678309,280335982,279164078,335752891,347028669,343542866,338751267,333303874,338139941,310589469,322930070,339474166,391115401,346018976,336756283,336353068,122453557,125810335,129145274,164279432,177565080,176770361,169061063,190585233,183528098,235923585,250204631,223083645,213449927
RHODE ISLAND,960788567,937636911,915654635,892528833,870707558,857108655,841424464,831416315,860983228,861667662,834178235,825839590,824987382,475142685,459360559,439414405,433086916,420972497,410935432,384164858,373797822,368578861,347020293,352977033,339835657,351928834,15472973,16645043,15890006,14093458,11912511,13316870,11176062,9410521,11329741,10339342,9174542,10397772,11554719,81611038,75527921,68899925,64184593,65414116,72176029,73885903,75075391,82686311,79309002,74797720,80151237,75223521,23401856,23133435,22566812,23156982,23692688,22127798,20129334,20873130,19188495,25251875,23155842,23304570,23408280,1327037,1320540,1283896,1056220,1038857,1070339,977536,790409,741210,737533,640468,1249180,1108978,665247349,642297002,633151544,622818941,612061606,603727639,600935423,590162788,586889259,594711321,587757057,575665185,582564197,161564076,153094582,145517765,142874651,138788729,136562673,136449447,132230525,134908269,135863879,133727338,135767774,138143775,21566203,19781228,18107169,16137397,15612283,14853165,13608714,12530360,12110679,11775353,13036487,12225235,12394818,42663453,42468775,39525006,35612423,32542717,31393869,30543063,26848879,27402080,27535216,24066821,48629718,39154401,3937533,4360024,4703089,5641475,4702500,5530608,4163593,4453836,3636871,5263271,4073841,5321398,5437137
SOUTH CAROLINA,3198816923,3037153303,2983636469,2922020854,2842957939,2774510751,2735300197,2693305623,2571504655,2569307630,2651843810,2719580648,2612886311,1329182482,1241633935,1158711036,1075491033,1027856244,983739924,943105355,900260367,821616482,796285088,785026901,786958761,760645250,161464972,216233548,198931022,192971984,174223413,160295929,137167159,128341264,126536985,128228411,129937007,129051840,117225246,226420,38598,113141,56097,78880,91098,33814,49671,1825375,2521370,2859174,892583,992795,181096799,186706558,194585797,240424876,168221664,161415640,184300651,180009397,200712334,171225546,193770406,164398922,161825949,18222381,23063201,23969596,24671522,23637835,23404385,29002172,22789768,21581226,21066209,21012302,25938498,28509000,2369408852,2232737227,2199007006,2163732517,2104258465,2069678392,2049185548,2020099954,1925858692,1928777741,1998331236,2059292319,1970616516,690223974,654663721,637338215,620354872,602672739,401420741,561862684,551593878,528960999,523343670,492493084,489998553,507285652,115564745,111276302,110527562,108581874,107401268,104922948,102704750,100293222,94069284,95493669,101039614,103308160,98810425,19086791,28665023,32235772,29351591,23820360,21326554,17351936,17188134,15916866,17555511,56529853,62774502,32118539,54677706,19462142,25946354,59287732,57410428,33661232,49090817,34650170,36178072,32987008,37180286,23460507,26783145
SOUTH DAKOTA,586088180,575515528,565085709,552512658,492307503,475667061,460458633,441855420,433855114,449743394,444366719,421782446,405552351,175793143,171221776,167924302,162846137,148722799,144488525,141196702,133452562,129205440,130049710,126559854,118218336,113527321,28817650,32123264,32774018,32536597,28655628,28944363,28091626,28021695,31169627,32994384,34216987,29717734,27054195,13863105,14403482,13850175,12594866,10788531,10833481,10949075,9892991,8049299,7313320,7606031,7409160,7724177,51602237,54052970,55334597,54046097,48481580,47056288,49686161,45163247,42886815,44732530,52128683,48323311,47256851,1417799,1550746,1586018,1953830,1876730,1509003,1601020,1470708,1718663,1346378,1590144,1321552,1607325,391757796,382848653,379327890,367274649,324628899,321133067,311554146,297862847,297569776,307012485,312260280,300045413,294333242,53421752,52043374,51148776,49920168,42242324,37690794,38226602,35946551,39144349,41231284,31963623,30689872,28169416,21647736,21119613,20509838,20625211,18841949,17975433,17838036,17460648,17521849,18745599,18090652,16480202,11419093,19912231,19798843,19195053,18565043,20853650,20047674,19071709,18242245,17521849,17357171,15280826,16649558,15942358,10200787,11417797,12034100,12636345,10952977,9843139,9495045,8829366,9236599,9061823,11042924,11648809,11910464
TENNESSEE,4055707393,3965062405,3892121512,3791470169,3665541150,3581742252,3564673980,3545256651,3483790952,3467349792,3400112306,3368416674,3273963709,1370511475,1367137812,1306080863,1258410350,1205592521,1206926424,1189137945,1160143025,1144100014,1132545670,1008550712,963176850,924869956,157463678,159547990,140569889,126009293,127147066,122743003,120189755,98843988,106229609,110668457,97973532,86883181,88284122,0,0,0,0,0,0,0,0,0,0,0,448825,331673,483707199,531000274,483104342,461240375,454033238,426920409,418176156,437708859,444155521,599448512,446716607,439767511,456625761,20265887,21234828,16899224,14979524,13249272,13335870,13549181,14178746,14470359,15027473,16922092,16184958,14992350,3020509121,2947591962,2909036388,2800866212,2718288808,2660545479,2655909141,2772699915,2715446035,2701011479,2643883844,2619961364,2549483050,427323476,416775784,403144200,390951829,379963645,375990200,373812757,539032787,539400633,534733435,522607920,500339651,485276652,153109466,149186154,148021583,144178643,140502505,139372788,143389785,146944298,147228361,152599797,153192492,152578899,148628623,87944000,89165899,90072680,84848785,78949539,75179976,74092399,86579651,81715923,79599681,80428049,95536760,90375374,86823410,68920375,45538279,40464532,53061526,53042307,58648043,61796783,79719021,68357096,65451706,63102838,76960207
TEXAS,25152105810,23645309262,23247112711,22537224218,22035575203,21014720337,20099881266,19297810131,18848804581,19881407108,19686185123,18866604132,18006206244,4650339383,4203230905,4079416088,3794494752,3664959920,3509535220,3164655260,2869785024,2844914009,3074614899,3015717309,2872423350,2771172182,1144210451,1152282274,1107105453,1058060589,1003668161,924909544,902305714,888576667,828320298,865177713,856631699,774805811,737297249,84468170,82398646,75666779,67415127,61011124,54508295,52542535,47637991,57122264,58714571,59865966,48971256,44588559,2024654156,1783611076,1710614109,1687197184,1928691432,1719678754,1651067518,1401264040,1445810976,1602088175,1892723936,1630929519,1567456053,252025103,310436353,296412130,287269978,276649797,267431102,249571997,240502108,226114801,237090236,236747089,221635490,214914973,14077135881,13323398064,13220081189,12877360254,12675265902,12254434089,11763278008,11430397148,11298856635,–,–,–,–,1898353213,1747181357,1685216424,1586480688,1581120336,1549189704,1501962597,1468636773,1394524883,–,–,–,–,959963060,890055964,858609185,809848933,782778464,736452171,692387606,658779806,643304473,–,–,–,–,3058449523,2853909894,2684271405,2594868533,2574704804,2476252749,2360114440,2174722990,2097857130,–,–,–,–,–,–,–,–,–,–,–,–,–,–,–,17529445,18732509
UTAH,2216388745,2069794309,1946798534,1831170326,1748837217,1662726982,1594179081,1551598270,1514905517,1503172236,1489881493,1500840247,1411871243,982259328,924841889,885401419,846311189,810108139,762359461,721389614,674939927,637549421,632252691,614804326,613409137,583973266,90096239,106169728,99543344,105540470,101253657,89795738,87348247,88611734,79258498,73759135,60241138,56716448,58643416,217999,768355,1100543,1333815,1125528,1040790,614916,667367,757341,628338,624623,558447,444849,282815202,287647739,258498893,217834212,192318963,181826661,179245317,170446783,166169290,165709193,165582014,173675907,176635818,6498046,7657664,10556176,17283354,14413291,12396226,9152110,8303397,7848702,7366115,9093768,7070186,7852188,1315829378,1246696756,1421814438,1314661119,1272508683,1214059559,1161185597,1127642646,1032241022,1089493030,1189548530,1092619601,903094088,217697833,205211479,187865647,183311537,173430614,165724038,160258852,159531832,156974862,151435926,152515440,152517208,136449468,93017335,87525820,80738850,76825404,70591016,69606618,67587953,65693911,65665331,65807088,60971082,66036955,63099049,392940210,330742792,66552648,65342560,65756126,60350906,77354816,79397303,155852995,86880381,86846441,97625097,82240661,39843559,42384492,36942907,20356810,32550039,29901277,29662085,27565385,23492322,23114679,21634228,22782815,4246318
VERMONT,652218804,630036233,620192189,613349509,599677948,594644451,586196974,581609627,569350961,566646800,572576744,551703336,533205542,371182177,321239180,316833637,317301992,291342205,282120205,264308587,245434576,226733770,173695048,201250832,194306489,190186356,53922656,60866919,58578864,58195984,61557248,57924878,57415602,56855882,50935358,47370358,47957629,47566031,45069275,111168625,114218578,107565516,95943819,84722117,80039112,78423985,69616223,67760530,63350242,64320669,63095207,60837793,22181891,23981603,21439067,20115989,21518477,20458890,21226456,20789896,20910240,22856169,24140751,22898676,21960876,2250031,2828130,2996703,2483789,2560823,2396282,2587305,2017862,2394400,2151203,1934831,2202728,1928507,495351017,394787803,394936456,392544453,390318456,381578985,377124729,375841732,365714637,367692377,355376829,355199111,349984678,120431584,101177199,98355071,90491768,86932882,84839005,80777275,78343885,79834808,76129988,76980579,72045121,68835691,17462483,17293928,17174981,16153532,16850448,16482552,16726868,15247931,16383346,17256853,16069161,14638983,14928185,11073479,7801454,7158235,11238707,15696563,15941302,16596429,15986026,13944001,15790940,20996847,19270705,17879850,2745026,3307498,3149573,2797123,3470786,3123428,3590318,3476776,3621888,4072342,4641410,4746313,4668733
VIRGINIA,6813334766,6575381635,6355683386,6256908236,6054755106,5911977829,5823388878,5739910326,5651526313,5573463752,5674421720,5737097276,5546234649,2808559568,2727374445,2711606494,2499817949,2366965487,2320287441,2149400205,2161327491,1903354811,1732130212,1850324993,1973691776,1967349537,218110548,202987994,228171260,206591441,188633595,179955152,161960825,185967561,195851848,191019241,186658413,172916503,166721957,4935110,4245105,2562627,3496116,4358558,3760366,4456890,5632569,5668310,4325368,4297070,6247588,5852204,351665224,379914969,337541412,342165022,321229072,334466587,307514609,345609068,360644684,353681042,327674381,299200543,313314296,4879562,5002134,4726826,4769849,8686521,5458981,6039619,7351320,6143266,6562616,5805057,5172381,3911421,4121086415,4017423668,3871006087,3841721658,3724630782,3647175616,3590794661,3534058103,3478825048,3501309391,3592438962,3636500107,3518079129,1479452866,1385309409,1349977909,1322755393,1267256398,1232218052,1209416063,1194240714,1144191791,1057982248,1058691825,1061382682,1013623557,280854816,269590653,257269316,248049390,241421550,236999784,235528756,233468419,229054944,227210102,241054485,249731364,239442486,137082492,134616437,135325698,126069743,120800621,117123432,117572199,117684664,111037878,115339051,121985592,122252590,122217101,81839639,89938999,68589650,59660194,63444938,78115210,77266561,77076661,78723060,65761154,63684742,70095143,81266328
WASHINGTON,6405869913,6235936017,5418812749,5000463370,4685619205,4371176063,4197576170,4025955297,3962432531,4120582291,4053728130,4050112414,3818642233,2489436293,2339261575,2080377985,1826380463,1732670553,1526689606,1470545974,1339189593,1324489566,1294235908,1262584164,1339696740,1154375197,583041869,619418094,543076255,471563142,445329005,386895106,339117638,307060749,314111122,349877859,330377287,316145708,286519900,16465717,22580566,20248567,19602543,18773266,16434224,15996604,0,13469862,15825248,14473415,15513974,11015515,293593852,360661871,264685842,283813750,284787811,259107391,249853589,209301894,211497295,249485173,234886918,221772847,242295355,29687839,48534256,47601656,44515820,44333423,42703578,40032133,39191321,37498578,37359403,36786080,38956294,42556283,4119251104,4039078931,3535195721,3239699050,3017976094,2871146928,2769567721,2665501340,2629805462,2568497452,2508542567,2151467220,2306913667,594755774,566461163,479524796,433602483,411725284,378804844,371500146,357270810,352080807,343616480,325521980,337611614,325374782,294114320,278233197,234686274,219466204,207205566,194821182,190284748,185082453,177408928,176318870,166626296,165456614,153798521,428768255,416915233,350897448,307374405,304634661,294693733,282845866,276000790,254146398,477146200,306542039,521732653,522829374,70069472,–,–,–,–,–,–,–,–,–,–,–,–
WEST VIRGINIA,1175303894,1134808980,1086169734,1104748019,1122269200,1138412218,1112276362,1132540683,1146316188,1116784886,1115189822,1114275450,1052098096,564735464,573500730,566420874,558286227,526002741,554776019,567594214,565744612,613798624,747810256,719993741,543052559,506322764,38754528,37151822,37058075,38752547,39032727,39551859,36841261,38032887,40562881,38356655,35873438,33228394,31524385,6140321,5343115,5901632,5886358,4243329,3810201,3806508,3422158,3375035,3717774,2160550,1158277,663169,130127361,136501276,109775159,132865050,131235868,108143378,124118716,110488624,114884246,122536340,134212178,94885630,92283425,1206741,1023285,1309746,1605957,1920832,905360,874488,464260,685851,410530,577697,548520,194276,755898692,732411846,711084736,725190532,737080949,740677753,732412811,748082271,756298,712337237,713560151,709262981,675311589,177195143,161154561,150485285,151736346,155036473,161062541,152040280,152784055,115093781,149621677,152974065,163280428,153022710,49418758,47395692,44814811,45008807,45849288,47709632,46712222,46126686,45735315,44710750,46367513,47145231,45427127,17821582,15945307,14370289,14662785,14678662,8979523,8445124,8266789,7843043,5667026,5338594,5130291,3310361,24304983,38879787,18382085,34130268,44352033,19866051,29760568,14814179,15477765,29984619,30149124,30149124,31912802
WISCONSIN,4093554548,4025544362,3951358886,3898230685,3856289215,3812580611,3760461956,3733732785,3707667522,3855316972,3763087242,3711184204,3571389694,1758682085,1748822733,1701750100,1631245306,1623438789,1632340312,1637784033,1641083075,1651212432,1997076709,1872609599,1802494581,1719827769,106296995,110656435,104715657,100317916,90922291,90693944,89518805,87952675,106133250,103837498,100189072,97994205,89780410,253638484,244261835,224652389,235115590,202664176,200573422,191399041,173090295,154252373,137966135,115345206,112627776,105917157,247055619,252188557,251444715,248504248,225236459,220874280,228366078,203507318,193773772,211031497,222544822,198212718,196466650,15394879,17706803,17018559,23275134,20422600,21933833,21348004,18156380,17050397,17251633,14505220,13024767,10433657,2830788047,2802689829,2768089464,2837686579,2826609488,2554493879,2525740851,2509780530,2500626932,2612082858,2844275006,2810160782,2700737155,901872156,867570739,843498870,824185312,797092661,784656897,771268236,764512702,749954282,765841906,744081242,724729817,697783554,169628820,165909331,162257844,158657454,155263471,154567099,152572728,152708008,153796842,165666682,166362757,167849605,164805993,160291906,160623889,151864043,53002364,48531043,133125485,129340444,126405715,126206421,127071536,–,–,–,37030739,37484402,40295925,39469710,36057336,36948658,39366938,33162728,31404673,36477223,38077754,39913969,36179018
WYOMING,585848590,576403893,574134553,583956969,585983430,578250449,565065594,555466980,550835923,539711280,527000025,504323903,479265386,271986554,255518966,254895891,259585129,257877016,241819182,231335943,226366985,223092539,212490901,192181725,176771384,167150235,30259641,30948395,29584366,31324882,33596567,32337793,29707294,28148300,28730306,27788267,26703166,25481216,24382083,3245809,2212363,1838511,1794864,2373412,2531811,1659751,2004314,1594091,1109727,1089885,996214,1018269,43416033,44349042,43095161,42382824,42784680,42259785,38526939,35745913,41884922,44554119,40613327,37273343,32024159,1288453,1406268,1239324,1215491,1249589,1244154,1296671,1144365,1255390,1236770,1128004,1042495,1007341,368912324,363372432,361526132,370827113,374884381,368957991,362028153,357626656,351917470,342870050,342983854,329853408,316380281,85588888,82648682,80543641,87725343,105345116,104313505,101681603,99012693,98556611,98280322,92135843,87668479,83974226,15610521,15939985,17860368,17774685,17570467,16901829,16940323,16616191,16762927,16721280,14139935,14476774,13191135,43824696,43845668,44357948,40078160,21886971,20895282,19952831,19466518,19306577,19002776,18190674,17368648,16243910,5380697,6529116,7069799,6977144,6582386,5950042,8459424,6176700,9727730,6178906,8043268,6932622,7294960


Data Source: U.S. Department of Education National Center for Education Statistics Common Core of Data (CCD) "National Public Education Financial Survey (State Fiscal)" 2021-22 (FY 2022) v.1a  2021-22 (FY 2022) v.1b  2021-22 (FY 2022) v.2a; "State Nonfiscal Public Elementary/Secondary Education Survey" 2022-23 v.1a.

† indicates that the data are not applicable.
– indicates that the data are missing.
‡ indicates that the data do not meet NCES data quality standards.
